{"name":"not-work-related-keyword","direction":"both","config":{"type":"keyword","words":["family","relationship","love","dating","marriage","kids","parenting","home","house","room","cleaning","chores","grocery","recipe","cooking","meal","diet","fitness","gym","health","sleep","hobby","travel","vacation","holiday","flight","hotel","tour","shopping","fashion","clothes","makeup","hairstyle","beauty","skincare","budget","finance","tax","investment","credit","loan","insurance","movie","tv","show","music","song","lyrics","celebrity","game","gaming","playstation","xbox","nintendo","stream","youtube","tiktok","netflix","spotify","podcast","anime","manga","comic","sports","football","basketball","soccer","cricket","tennis","golf","nba","fifa","instagram","facebook","snapchat","twitter","x.com","reddit","discord","telegram","whatsapp","dating app","tinder","bumble","grindr","linkedin","blog","vlog","selfie","profile","photo","caption","motivation","inspiration","meditation","mindfulness","yoga","self-care","wellness","mental health","therapy","stress","depression","anxiety","affirmation","goal","life advice","dream","zodiac","horoscope","astrology","spiritual","politics","religion","gossip","meme","joke","funny","hack","cheat","how to hack","download movie","torrent","free","pirate","illegal","adult","sex","porn","violence","fight","crime","weapon","drugs","my girlfriend","my boyfriend","my kids","my family","my trip","my car","my home","how to cook","how to lose weight","fun things","best movies","what to watch","lyrics of","how to date","horoscope for","today's weather","lottery number"]},"tags":[],"scanner_template_id":null}